{
  "project_info": {
    "project_number": "235111100328",
    "project_id": "co2e-eb9b9",
    "storage_bucket": "co2e-eb9b9.appspot.com"
  },
  "client": [
    {
      "client_info": {
        "mobilesdk_app_id": "1:235111100328:android:62b486a3efe9a9c95e779d",
        "android_client_info": {
          "package_name": "com.mycompany.co2e"
        }
      },
      "oauth_client": [
        {
          "client_id": "235111100328-f0ho3rpvms3tdn30gkta4fpke7481cp8.apps.googleusercontent.com",
          "client_type": 3
        }
      ],
      "api_key": [
        {
          "current_key": "AIzaSyBv8uxGAASky1eFe_0xhhBxVhBtRNqe-zk"
        }
      ],
      "services": {
        "appinvite_service": {
          "other_platform_oauth_client": [
            {
              "client_id": "235111100328-f0ho3rpvms3tdn30gkta4fpke7481cp8.apps.googleusercontent.com",
              "client_type": 3
            },
            {
              "client_id": "235111100328-mhbs6vb0inv9a6o5q9fvgcl3v5o7uo1o.apps.googleusercontent.com",
              "client_type": 2,
              "ios_info": {
                "bundle_id": "com.mycompany.co2e"
              }
            }
          ]
        }
      }
    }
  ],
  "configuration_version": "1"
}